Metric,Value
Avg Daily Demand,44898.87730527673
Safety Stock,67348.3159579151
Reorder Point,202044.9478737453
Reorder Qty,1346966.319158302
